<?xml version="1.0" encoding="UTF-8"?>
<project-private xmlns="http://www.netbeans.org/ns/project-private/1">
    <editor-bookmarks xmlns="http://www.netbeans.org/ns/editor-bookmarks/2" lastBookmarkId="0"/>
    <open-files xmlns="http://www.netbeans.org/ns/projectui-open-files/2">
        <group>
            <file>file:/C:/Users/fdogs/OneDrive/Desktop/estructura%20de%20datos/u1/ProyectoLCirculares/src/proyectolcirculares/ProyectoLCirculares.java</file>
            <file>file:/C:/Users/fdogs/OneDrive/Desktop/estructura%20de%20datos/u1/ProyectoLCirculares/src/proyectolcirculares/ListaCircularEstatica.java</file>
            <file>file:/C:/Users/fdogs/OneDrive/Desktop/estructura%20de%20datos/u1/ProyectoLCirculares/src/proyectolcirculares/Alumno.java</file>
            <file>file:/C:/Users/fdogs/OneDrive/Desktop/estructura%20de%20datos/u1/ProyectoLCirculares/src/proyectolcirculares/ListaCircularDinamica.java</file>
        </group>
    </open-files>
</project-private>
